{"stats":{"minecraft:killed":{"minecraft:pig":3,"minecraft:zombie":1,"minecraft:spider":1},"minecraft:killed_by":{"minecraft:player":1,"minecraft:witch":1},"minecraft:picked_up":{"minecraft:crafting_table":1,"minecraft:stick":13,"minecraft:raw_iron":2,"minecraft:lilac":2,"minecraft:wooden_pickaxe":1,"biomesoplenty:fir_sapling":20,"biomesoplenty:fir_log":143,"minecraft:porkchop":7,"minecraft:oak_log":5,"tombstone:grave_dust":1,"skilltree:gem":1,"minecraft:dirt":17,"create:limestone":7,"create:crimsite":4,"minecraft:wheat_seeds":1,"minecraft:rose_bush":1,"ars_nouveau:sourceberry_bush":3,"minecraft:oak_sapling":2,"minecraft:cobblestone":26},"minecraft:used":{"minecraft:stone_sword":16,"minecraft:stone_pickaxe":16,"minecraft:iron_sword":5,"minecraft:wooden_pickaxe":25,"minecraft:wooden_shovel":17,"minecraft:stone_axe":55,"minecraft:dirt":2,"minecraft:crafting_table":4,"minecraft:furnace":1,"ars_nouveau:sourceberry_bush":4,"minecraft:cooked_porkchop":2,"tombstone:gift":2},"minecraft:mined":{"minecraft:iron_ore":2,"treechop:chopped_log":5,"biomesoplenty:fir_log":1,"minecraft:crafting_table":1,"minecraft:grass":15,"minecraft:grass_block":6,"minecraft:rose_bush":1,"minecraft:dirt":11,"biomesoplenty:sprout":5,"minecraft:stone":26,"ars_nouveau:sourceberry_bush":3,"create:crimsite":4,"create:limestone":8,"minecraft:fern":2},"minecraft:dropped":{"minecraft:wheat_seeds":1,"minecraft:lilac":2,"minecraft:rose_bush":1,"minecraft:wooden_shovel":1,"minecraft:oak_sapling":2,"tombstone:grave_dust":2,"minecraft:wooden_pickaxe":1},"minecraft:custom":{"minecraft:time_since_rest":20329,"minecraft:interact_with_furnace":7,"minecraft:sprint_one_cm":89864,"minecraft:damage_taken":995,"minecraft:walk_one_cm":173327,"minecraft:mob_kills":5,"minecraft:drop":9,"minecraft:damage_dealt":710,"minecraft:interact_with_crafting_table":6,"minecraft:fly_one_cm":75097,"minecraft:player_kills":1,"minecraft:crouch_one_cm":5,"minecraft:play_time":29302,"tombstone:undead_killed":1,"minecraft:deaths":3,"minecraft:sneak_time":85,"minecraft:walk_under_water_one_cm":746,"minecraft:jump":512,"minecraft:leave_game":4,"minecraft:time_since_death":20943,"minecraft:walk_on_water_one_cm":6451,"minecraft:total_world_time":29302,"minecraft:fall_one_cm":7625},"minecraft:crafted":{"minecraft:oak_planks":20,"minecraft:wooden_shovel":1,"minecraft:charcoal":5,"minecraft:cooked_porkchop":7,"minecraft:crafting_table":3,"minecraft:iron_ingot":2,"minecraft:stick":8,"minecraft:wooden_pickaxe":1,"minecraft:stone_pickaxe":1,"minecraft:stone_sword":1,"minecraft:iron_sword":1,"minecraft:furnace":1,"minecraft:stone_axe":1,"minecraft:air":0}},"DataVersion":3465}