{"stats":{"minecraft:killed":{"minecraft:salmon":1,"minecraft:sheep":3,"minecraft:zombie":1,"minecraft:cow":1},"minecraft:mined":{"botania:green_mystical_flower":3,"botania:lime_mystical_flower":2,"farmersdelight:wild_carrots":8,"minecraft:dandelion":2,"botania:green_double_flower":1,"biomesoplenty:bush":12,"minecraft:grass_block":4,"minecraft:dead_bush":1,"minecraft:tall_grass":11,"minecraft:cobblestone":1,"farmersdelight:wild_tomatoes":11,"minecraft:lilac":3,"biomesoplenty:lavender":1,"biomesoplenty:fir_log":12,"minecraft:grass":27,"minecraft:vine":4,"minecraft:sunflower":1,"minecraft:sand":1,"minecraft:dirt":9,"biomesoplenty:barley":6,"minecraft:stone":7,"minecraft:stripped_mangrove_wood":5,"minecraft:player_head":1,"minecraft:fern":1},"minecraft:used":{"iceandfire:silver_sword":13,"minecraft:tropical_fish":1,"minecraft:stone_shovel":7,"farmersdelight:golden_knife":22,"minecraft:chest":2,"minecraft:wooden_pickaxe":8,"biomesoplenty:lavender":1,"minecraft:salmon":1,"minecraft:stripped_mangrove_wood":4,"minecraft:dirt":8,"minecraft:crafting_table":2,"minecraft:mushroom_stew":1,"minecraft:diamond_helmet":1,"minecraft:cake":2,"minecraft:wooden_axe":13,"minecraft:bread":11,"minecraft:iron_pickaxe":1,"minecraft:cobblestone":3,"minecraft:turtle_helmet":1,"tombstone:gift":1,"alexsmobs:animal_dictionary":1},"minecraft:killed_by":{"minecraft:zombie":1,"iceandfire:ghost":1},"minecraft:custom":{"minecraft:mob_kills":7,"minecraft:interact_with_cartography_table":1,"minecraft:interact_with_crafting_table":11,"minecraft:open_barrel":5,"minecraft:eat_cake_slice":12,"minecraft:leave_game":1,"minecraft:time_since_death":18370,"minecraft:sleep_in_bed":3,"minecraft:climb_one_cm":1371,"minecraft:time_since_rest":15971,"minecraft:sprint_one_cm":209900,"minecraft:damage_taken":1372,"minecraft:walk_one_cm":107314,"minecraft:trigger_trapped_chest":2,"minecraft:drop":12,"minecraft:damage_dealt":1109,"minecraft:swim_one_cm":11053,"minecraft:fly_one_cm":386334,"minecraft:open_chest":15,"minecraft:crouch_one_cm":338,"minecraft:play_time":44755,"tombstone:undead_killed":1,"minecraft:deaths":3,"minecraft:sneak_time":93,"minecraft:walk_under_water_one_cm":1492,"minecraft:jump":1295,"minecraft:interact_with_blast_furnace":2,"minecraft:walk_on_water_one_cm":9063,"minecraft:total_world_time":44755,"minecraft:fall_one_cm":32070},"minecraft:crafted":{"minecraft:stone_shovel":1,"minecraft:crafting_table":2,"minecraft:wooden_pickaxe":1,"minecraft:stone_axe":1,"biomesoplenty:fir_planks":48,"minecraft:stick":12,"minecraft:iron_pickaxe":1,"minecraft:wooden_axe":1,"minecraft:chest":2,"iceandfire:silver_sword":1},"minecraft:dropped":{"minecraft:stripped_mangrove_wood":1,"minecraft:wheat_seeds":8,"minecraft:lilac":2,"minecraft:dirt":4,"minecraft:leather_chestplate":1,"botania:green_double_flower":1,"minecraft:sunflower":2,"botania:lime_mystical_flower":2,"farmersdelight:tomato":1},"minecraft:picked_up":{"biomesoplenty:lavender":1,"minecraft:leather_chestplate":2,"minecraft:lilac":2,"minecraft:chainmail_boots":1,"minecraft:salmon":1,"minecraft:turtle_helmet":1,"minecraft:leather_leggings":2,"biomesoplenty:fir_log":12,"botania:green_double_flower":1,"minecraft:chainmail_chestplate":1,"farmersdelight:tomato":1,"minecraft:dirt":17,"minecraft:item_frame":1,"minecraft:armor_stand":3,"minecraft:bone":2,"minecraft:wheat_seeds":10,"biomesoplenty:fir_planks":16,"minecraft:beef":2,"minecraft:player_head":1,"minecraft:diamond_helmet":1,"minecraft:stick":2,"minecraft:stripped_mangrove_wood":5,"minecraft:dandelion":1,"minecraft:sand":1,"farmersdelight:tomato_seeds":11,"minecraft:carrot":6,"minecraft:arrow":1,"minecraft:rotten_flesh":1,"botania:lime_mystical_flower":2,"minecraft:tropical_fish":1,"minecraft:mutton":3,"minecraft:white_wool":3,"minecraft:cobblestone":8,"minecraft:sunflower":2}},"DataVersion":3465}