{"stats":{"minecraft:custom":{"minecraft:jump":24,"minecraft:time_since_rest":318,"minecraft:leave_game":1,"minecraft:damage_dealt":155,"minecraft:deaths":1,"minecraft:walk_on_water_one_cm":93,"minecraft:sprint_one_cm":492,"minecraft:play_time":1169,"minecraft:damage_taken":270,"minecraft:time_since_death":293,"minecraft:walk_one_cm":1857,"minecraft:total_world_time":1169,"minecraft:walk_under_water_one_cm":1139,"minecraft:swim_one_cm":6741,"minecraft:fall_one_cm":1093,"minecraft:fly_one_cm":2155}},"DataVersion":3465}