{"stats":{"minecraft:killed":{"minecraft:sheep":8,"iceandfire:ghost":2,"ars_nouveau:whirlisprig":1,"minecraft:cow":1},"minecraft:mined":{"iceandfire:silver_ore":1,"ars_nouveau:light_block":1,"minecraft:crafting_table":1,"biomesoplenty:bush":2,"minecraft:emerald_ore":2,"minecraft:grass_block":3,"biomesoplenty:dune_grass":24,"botania:black_mystical_flower":1,"minecraft:large_fern":1,"minecraft:skeleton_skull":1,"biomesoplenty:jacaranda_log":9,"biomesoplenty:tall_lavender":2,"ars_nouveau:blue_archwood_log":3,"minecraft:light_blue_bed":1,"biomesoplenty:lavender":8,"minecraft:wither_rose":1,"biomesoplenty:sea_oats":24,"minecraft:grass":9,"minecraft:oak_log":4,"minecraft:coal_ore":10,"minecraft:gravel":2,"minecraft:dirt":5,"minecraft:stone":111,"ars_nouveau:purple_archwood_log":1,"minecraft:oak_leaves":10},"minecraft:used":{"minecraft:cooked_mutton":3,"minecraft:chest":1,"minecraft:torch":4,"minecraft:dirt":5,"minecraft:crafting_table":4,"minecraft:white_bed":1,"minecraft:bread":6,"minecraft:iron_pickaxe":251,"minecraft:light_blue_bed":1,"minecraft:gravel":2,"minecraft:beef":2,"ars_nouveau:archwood_door":2,"minecraft:furnace":2,"minecraft:oak_sapling":1,"minecraft:bucket":1,"minecraft:oak_boat":1,"minecraft:cooked_beef":1},"minecraft:custom":{"minecraft:interact_with_furnace":10,"minecraft:mob_kills":12,"minecraft:interact_with_crafting_table":7,"minecraft:leave_game":1,"minecraft:time_since_death":43479,"minecraft:sleep_in_bed":4,"minecraft:time_since_rest":10943,"minecraft:sprint_one_cm":71584,"minecraft:damage_taken":502,"minecraft:walk_one_cm":146660,"minecraft:trigger_trapped_chest":1,"minecraft:damage_dealt":1683,"minecraft:swim_one_cm":12863,"minecraft:fly_one_cm":182369,"minecraft:open_chest":2,"minecraft:play_time":43479,"tombstone:undead_killed":2,"minecraft:sneak_time":9,"minecraft:walk_under_water_one_cm":11358,"minecraft:boat_one_cm":10485,"minecraft:jump":1046,"minecraft:walk_on_water_one_cm":8611,"minecraft:total_world_time":43479,"minecraft:fall_one_cm":31902},"minecraft:crafted":{"minecraft:cooked_beef":1,"minecraft:oak_planks":16,"biomesoplenty:jacaranda_planks":36,"ars_nouveau:archwood_planks":16,"minecraft:crafting_table":4,"minecraft:iron_helmet":1,"minecraft:furnace":2,"minecraft:bucket":1,"minecraft:cooked_mutton":12,"minecraft:air":0,"minecraft:oak_boat":1,"minecraft:iron_chestplate":1,"minecraft:stick":4,"ars_nouveau:archwood_door":3,"minecraft:chest":1,"minecraft:white_bed":1,"minecraft:torch":8},"minecraft:picked_up":{"biomesoplenty:lavender":8,"minecraft:crafting_table":1,"minecraft:leather":2,"minecraft:wither_rose":1,"biomesoplenty:jacaranda_sapling":1,"minecraft:oak_log":4,"minecraft:dirt":7,"botania:black_mystical_flower":1,"biomesoplenty:tall_lavender":2,"minecraft:beef":3,"minecraft:oak_boat":1,"minecraft:light_gray_wool":1,"ars_nouveau:purple_archwood_log":1,"minecraft:gravel":2,"ars_nouveau:blue_archwood_log":3,"minecraft:light_blue_bed":1,"biomesoplenty:jacaranda_log":9,"minecraft:gray_wool":1,"minecraft:emerald":2,"minecraft:white_wool":5,"minecraft:oak_sapling":1,"minecraft:black_wool":1,"minecraft:mutton":12,"minecraft:coal":10,"minecraft:skeleton_skull":1,"iceandfire:raw_silver":1,"minecraft:cobblestone":111}},"DataVersion":3465}