{"stats":{"minecraft:killed":{"iceandfire:ghost":2,"minecraft:cow":4},"minecraft:killed_by":{"iceandfire:ghost":1,"iceandfire:fire_dragon":10},"minecraft:picked_up":{"minecraft:crafting_table":2,"biomesoplenty:goldenrod":1,"minecraft:leather":5,"minecraft:oak_log":8,"minecraft:chain":3,"iceandfire:manuscript":5,"minecraft:dirt":14,"minecraft:string":1,"minecraft:iron_leggings":1,"minecraft:bone":3,"minecraft:blue_orchid":4,"minecraft:wheat_seeds":7,"minecraft:gold_nugget":57,"minecraft:beef":7,"minecraft:iron_ingot":10,"minecraft:cobweb":3,"minecraft:gray_bed":2,"minecraft:chest":6,"minecraft:glow_item_frame":1,"minecraft:bowl":1,"tombstone:grave_dust":1,"minecraft:iron_helmet":1,"minecraft:birch_sign":4,"minecraft:gold_ingot":1,"minecraft:emerald":4,"minecraft:oak_sapling":5,"minecraft:skeleton_skull":5,"iceandfire:raw_silver":1,"minecraft:cobblestone":35},"minecraft:used":{"minecraft:water_bucket":3,"minecraft:chest":2,"minecraft:iron_sword":80,"minecraft:oak_door":1,"minecraft:glow_item_frame":1,"minecraft:torch":2,"minecraft:crafting_table":2,"minecraft:mushroom_stew":2,"minecraft:birch_sign":2,"minecraft:painting":1,"minecraft:iron_axe":15,"minecraft:bread":7,"minecraft:iron_pickaxe":42,"minecraft:cobblestone":11,"minecraft:furnace":1,"minecraft:gray_bed":2,"minecraft:bucket":3,"tombstone:gift":4,"minecraft:cobweb":3},"minecraft:mined":{"iceandfire:silver_ore":1,"minecraft:crafting_table":2,"minecraft:grass_block":7,"minecraft:chest":6,"biomesoplenty:goldenrod":2,"minecraft:skeleton_skull":4,"minecraft:fire":24,"minecraft:gray_bed":2,"treechop:chopped_log":1,"minecraft:grass":10,"minecraft:vine":2,"minecraft:dirt":8,"minecraft:cobweb":4,"minecraft:blue_orchid":4,"minecraft:stone":35},"minecraft:dropped":{"minecraft:bowl":1,"minecraft:birch_sign":2},"minecraft:custom":{"minecraft:interact_with_furnace":4,"minecraft:mob_kills":6,"minecraft:interact_with_crafting_table":4,"minecraft:open_barrel":2,"minecraft:leave_game":2,"minecraft:time_since_death":2788,"minecraft:sleep_in_bed":4,"minecraft:time_since_rest":1653,"minecraft:sprint_one_cm":94081,"minecraft:damage_taken":3191,"minecraft:walk_one_cm":136662,"minecraft:trigger_trapped_chest":2,"minecraft:drop":2,"minecraft:damage_dealt":2637,"minecraft:swim_one_cm":13399,"minecraft:talked_to_villager":1,"minecraft:fly_one_cm":243807,"minecraft:open_chest":33,"minecraft:crouch_one_cm":128,"minecraft:play_time":36215,"tombstone:undead_killed":2,"minecraft:deaths":11,"minecraft:sneak_time":160,"minecraft:walk_under_water_one_cm":4724,"minecraft:jump":878,"minecraft:walk_on_water_one_cm":5731,"minecraft:total_world_time":36215,"minecraft:fall_one_cm":25829},"minecraft:broken":{"minecraft:leather_boots":1,"minecraft:leather_chestplate":1},"minecraft:crafted":{"minecraft:oak_door":3,"minecraft:oak_planks":20,"minecraft:leather_leggings":1,"minecraft:leather_boots":1,"minecraft:iron_sword":1,"minecraft:furnace":1,"minecraft:leather_helmet":1,"minecraft:air":0,"iceandfire:bestiary":1,"minecraft:charcoal":1,"minecraft:iron_axe":1,"minecraft:stick":12,"minecraft:light_blue_dye":4,"minecraft:leather_chestplate":1,"minecraft:chest":1,"minecraft:torch":4}},"DataVersion":3465}