{"stats":{"minecraft:custom":{"minecraft:open_barrel":4,"minecraft:open_chest":2,"minecraft:time_since_rest":11483,"minecraft:damage_dealt":181,"minecraft:leave_game":2,"minecraft:crouch_one_cm":24,"minecraft:play_time":11483,"minecraft:sprint_one_cm":18556,"minecraft:walk_on_water_one_cm":761,"minecraft:time_since_death":11483,"minecraft:walk_one_cm":10538,"minecraft:sneak_time":204,"minecraft:total_world_time":11483,"minecraft:walk_under_water_one_cm":14570,"minecraft:swim_one_cm":3111,"minecraft:fall_one_cm":209,"minecraft:fly_one_cm":224000,"minecraft:jump":132},"minecraft:mined":{"minecraft:grass":4,"minecraft:rose_bush":3},"minecraft:used":{"minecraft:rose_bush":3},"minecraft:picked_up":{"minecraft:beef":2,"minecraft:rose_bush":3,"minecraft:leather":2}},"DataVersion":3465}