{"stats":{"minecraft:custom":{"minecraft:time_since_rest":565,"minecraft:crouch_one_cm":7,"minecraft:play_time":3811,"minecraft:sprint_one_cm":28754,"minecraft:walk_one_cm":12362,"minecraft:damage_taken":315,"minecraft:deaths":1,"minecraft:sneak_time":21,"minecraft:walk_under_water_one_cm":439,"minecraft:jump":83,"minecraft:damage_dealt":20,"minecraft:leave_game":1,"minecraft:time_since_death":592,"minecraft:walk_on_water_one_cm":1118,"minecraft:total_world_time":3811,"minecraft:climb_one_cm":480,"minecraft:swim_one_cm":788,"minecraft:fall_one_cm":3737,"minecraft:fly_one_cm":17994},"minecraft:picked_up":{"minecraft:wheat_seeds":1,"ars_nouveau:sourceberry_bush":46,"minecraft:dirt":20},"minecraft:used":{"minecraft:dirt":1,"ars_nouveau:sourceberry_bush":13,"tombstone:gift":2},"minecraft:killed_by":{"minecraft:skeleton":1},"minecraft:mined":{"minecraft:grass":1,"minecraft:spruce_leaves":5,"ars_nouveau:sourceberry_bush":8}},"DataVersion":3465}