{"stats":{"minecraft:used":{"minecraft:spruce_sapling":1},"minecraft:mined":{"minecraft:large_fern":15,"minecraft:grass_block":8,"minecraft:ice":1,"minecraft:spruce_leaves":6,"minecraft:fern":4},"minecraft:custom":{"minecraft:time_since_rest":3907,"minecraft:crouch_one_cm":1162,"minecraft:play_time":3907,"minecraft:sprint_one_cm":6953,"minecraft:damage_taken":195,"minecraft:walk_one_cm":8834,"minecraft:sneak_time":224,"minecraft:walk_under_water_one_cm":5854,"minecraft:jump":55,"minecraft:damage_dealt":210,"minecraft:leave_game":1,"minecraft:time_since_death":3907,"minecraft:walk_on_water_one_cm":149,"minecraft:total_world_time":3907,"minecraft:fly_one_cm":10039,"minecraft:swim_one_cm":685,"minecraft:fall_one_cm":1240},"minecraft:picked_up":{"minecraft:wheat_seeds":3,"minecraft:spruce_sapling":1,"minecraft:dirt":8}},"DataVersion":3465}