{"stats":{"minecraft:killed":{"minecraft:iron_golem":3,"minecraft:skeleton":2,"minecraft:zombie":5},"minecraft:killed_by":{"iceandfire:gorgon":2,"minecraft:player":1},"minecraft:picked_up":{"minecraft:wooden_axe":1,"minecraft:crafting_table":3,"minecraft:allium":1,"minecraft:andesite":20,"minecraft:wooden_pickaxe":1,"minecraft:oak_log":25,"skilltree:gem":12,"minecraft:dirt":44,"minecraft:raw_copper":141,"minecraft:bone":5,"minecraft:apple":2,"minecraft:wheat_seeds":8,"minecraft:stone_pickaxe":3,"minecraft:iron_ingot":12,"minecraft:poppy":4,"minecraft:gray_bed":1,"minecraft:raw_copper_block":1,"minecraft:egg":1,"minecraft:stick":5,"minecraft:raw_iron":10,"minecraft:sweet_berries":8,"minecraft:gravel":1,"tombstone:grave_dust":2,"minecraft:diorite":1,"minecraft:carrot":27,"minecraft:quartz_bricks":1,"minecraft:stone_sword":1,"minecraft:arrow":4,"minecraft:rotten_flesh":7,"minecraft:granite":9,"minecraft:oak_sapling":11,"minecraft:coal":37,"iceandfire:raw_silver":1,"minecraft:cobblestone":87},"minecraft:used":{"minecraft:quartz_bricks":1,"minecraft:water_bucket":2,"minecraft:stone_sword":106,"minecraft:stone_pickaxe":84,"minecraft:baked_potato":3,"minecraft:wooden_pickaxe":6,"minecraft:stone_hoe":1,"minecraft:torch":3,"minecraft:dirt":13,"minecraft:crafting_table":3,"minecraft:carrot":24,"minecraft:cod_bucket":1,"minecraft:wooden_axe":17,"minecraft:lava_bucket":1,"minecraft:iron_pickaxe":122,"minecraft:stone_axe":8,"minecraft:cobblestone":16,"minecraft:gray_bed":1,"minecraft:bucket":4,"tombstone:gift":2,"alexsmobs:animal_dictionary":1,"minecraft:egg":1,"minecraft:bone_meal":15},"minecraft:mined":{"iceandfire:silver_ore":1,"farmersdelight:wild_carrots":3,"minecraft:crafting_table":3,"minecraft:granite":10,"minecraft:grass_block":2,"minecraft:copper_ore":37,"minecraft:cobblestone":1,"minecraft:diorite":1,"minecraft:carrots":9,"minecraft:iron_ore":10,"minecraft:gray_bed":1,"minecraft:andesite":20,"treechop:chopped_log":5,"minecraft:grass":35,"minecraft:oak_log":2,"minecraft:coal_ore":37,"minecraft:gravel":2,"minecraft:sand":1,"minecraft:dirt":6,"minecraft:raw_copper_block":1,"minecraft:stone":86,"minecraft:oak_leaves":8},"minecraft:custom":{"minecraft:mob_kills":11,"minecraft:interact_with_crafting_table":9,"minecraft:leave_game":4,"minecraft:time_since_death":18779,"minecraft:sleep_in_bed":2,"minecraft:climb_one_cm":706,"minecraft:time_since_rest":0,"minecraft:sprint_one_cm":121726,"minecraft:damage_taken":2147483647,"minecraft:walk_one_cm":78280,"minecraft:drop":38,"minecraft:damage_dealt":4552,"minecraft:swim_one_cm":1802,"minecraft:talked_to_villager":1,"minecraft:player_kills":1,"minecraft:fly_one_cm":255957,"minecraft:open_chest":6,"minecraft:play_time":39430,"minecraft:crouch_one_cm":8099,"tombstone:undead_killed":7,"minecraft:deaths":3,"minecraft:sneak_time":3724,"minecraft:walk_under_water_one_cm":148,"minecraft:jump":486,"minecraft:walk_on_water_one_cm":1240,"minecraft:total_world_time":39430,"minecraft:fall_one_cm":13364},"minecraft:dropped":{"minecraft:gravel":1,"minecraft:wheat_seeds":8,"minecraft:stone_sword":1,"minecraft:rotten_flesh":7,"minecraft:granite":8,"minecraft:quartz_bricks":2,"minecraft:poppy":4,"minecraft:diorite":1,"minecraft:allium":1,"minecraft:wooden_axe":2,"minecraft:oak_sapling":11,"minecraft:arrow":2,"minecraft:wooden_pickaxe":2,"minecraft:stone_pickaxe":4},"minecraft:crafted":{"minecraft:oak_planks":20,"minecraft:crafting_table":1,"minecraft:wooden_pickaxe":1,"minecraft:bone_meal":15,"minecraft:stone_axe":2,"minecraft:stick":20,"minecraft:iron_pickaxe":1,"minecraft:stone_pickaxe":1,"minecraft:wooden_axe":1,"minecraft:stone_sword":1,"minecraft:torch":40,"minecraft:stone_hoe":1}},"DataVersion":3465}