{"stats":{"minecraft:custom":{"minecraft:jump":37,"minecraft:open_chest":2,"minecraft:time_since_rest":3009,"minecraft:leave_game":1,"minecraft:damage_dealt":0,"minecraft:crouch_one_cm":24,"minecraft:sprint_one_cm":8457,"minecraft:play_time":3009,"minecraft:time_since_death":3009,"minecraft:walk_one_cm":5483,"minecraft:sneak_time":8,"minecraft:total_world_time":3009,"minecraft:fall_one_cm":209,"minecraft:fly_one_cm":86357,"minecraft:open_barrel":4},"minecraft:picked_up":{"minecraft:rose_bush":3},"minecraft:used":{"minecraft:rose_bush":3},"minecraft:mined":{"minecraft:grass":4,"minecraft:rose_bush":3}},"DataVersion":3465}