{"stats":{"minecraft:mined":{"create:zinc_ore":19,"iceandfire:silver_ore":6,"farmersdelight:wild_carrots":5,"minecraft:amethyst_cluster":1,"minecraft:crafting_table":2,"minecraft:granite":3,"biomesoplenty:bush":1,"minecraft:emerald_ore":2,"minecraft:tall_grass":2,"minecraft:copper_ore":24,"minecraft:lapis_ore":1,"minecraft:diorite":3,"minecraft:cyan_wool":4,"minecraft:furnace":1,"forbidden_arcanus:xpetrified_ore":2,"minecraft:iron_ore":27,"minecraft:andesite":2,"biomesoplenty:hanging_cobweb":6,"minecraft:grass":6,"minecraft:oak_log":11,"minecraft:coal_ore":56,"minecraft:deepslate_iron_ore":1,"biomesoplenty:webbing":14,"minecraft:dripstone_block":2,"minecraft:dirt":3,"biomesoplenty:stringy_cobweb":4,"minecraft:cobweb":1,"biomesoplenty:barley":7,"minecraft:smooth_basalt":3,"biomesoplenty:spider_egg":1,"minecraft:stone":217,"create:limestone":2,"minecraft:oak_leaves":35,"minecraft:deepslate":1},"minecraft:used":{"minecraft:beetroot":11,"minecraft:stone_sword":50,"minecraft:shield":4,"minecraft:torch":15,"minecraft:crafting_table":3,"minecraft:cyan_wool":4,"minecraft:lava_bucket":1,"minecraft:bread":4,"minecraft:iron_pickaxe":386,"minecraft:stone_axe":2,"minecraft:cobblestone":24,"minecraft:furnace":1,"minecraft:bucket":2,"tombstone:gift":2,"alexsmobs:animal_dictionary":1},"minecraft:killed":{"minecraft:cave_spider":1,"minecraft:zombie":3,"minecraft:enderman":1,"artifacts:mimic":1},"minecraft:crafted":{"minecraft:oak_planks":44,"minecraft:crafting_table":1,"minecraft:furnace":1,"minecraft:bucket":1,"minecraft:stone_axe":1,"minecraft:bread":1,"minecraft:air":0,"minecraft:shield":1,"minecraft:stick":16,"minecraft:iron_ingot":9,"minecraft:iron_pickaxe":2,"minecraft:stone_sword":1,"minecraft:torch":40},"minecraft:picked_up":{"minecraft:crafting_table":2,"minecraft:wheat":2,"minecraft:oak_log":11,"create:raw_zinc":19,"forbidden_arcanus:xpetrified_orb":2,"minecraft:lapis_lazuli":5,"minecraft:string":2,"minecraft:raw_copper":76,"create:limestone":2,"minecraft:bone":2,"minecraft:wheat_seeds":2,"minecraft:cyan_wool":4,"minecraft:furnace":1,"minecraft:raw_iron":28,"minecraft:amethyst_shard":4,"minecraft:carrot":5,"artifacts:scarf_of_invisibility":1,"forbidden_arcanus:ender_pearl_fragment":1,"minecraft:arrow":2,"minecraft:rotten_flesh":6,"minecraft:granite":3,"minecraft:emerald":2,"minecraft:oak_sapling":2,"minecraft:coal":94,"iceandfire:raw_silver":6,"minecraft:cobblestone":215,"minecraft:ender_pearl":1},"minecraft:custom":{"minecraft:interact_with_furnace":12,"minecraft:mob_kills":7,"minecraft:interact_with_crafting_table":10,"minecraft:open_barrel":1,"minecraft:leave_game":2,"minecraft:time_since_death":32253,"minecraft:sleep_in_bed":6,"minecraft:time_since_rest":30272,"minecraft:sprint_one_cm":51658,"minecraft:damage_taken":640,"minecraft:walk_one_cm":93871,"minecraft:damage_blocked_by_shield":70,"minecraft:drop":7,"minecraft:damage_dealt":1682,"minecraft:fly_one_cm":54050,"minecraft:open_chest":1,"minecraft:crouch_one_cm":20165,"minecraft:play_time":35905,"tombstone:undead_killed":3,"minecraft:deaths":1,"minecraft:sneak_time":7247,"minecraft:walk_under_water_one_cm":21,"minecraft:jump":483,"minecraft:walk_on_water_one_cm":695,"minecraft:total_world_time":35905,"minecraft:fall_one_cm":9310},"minecraft:broken":{"minecraft:iron_pickaxe":1},"minecraft:killed_by":{"minecraft:zombie":1},"minecraft:dropped":{"minecraft:wheat_seeds":2,"minecraft:wheat":4,"minecraft:oak_sapling":2,"create:limestone":2}},"DataVersion":3465}